"2025/white_1.json","2025-11-11T11:00:00.000Z"
"2025/r7_5w0.json","2025-11-11T11:00:00.000Z"
"2025/r7_2w0.json","2025-11-11T11:00:00.000Z"
"2025/r7_1w0.json","2025-11-11T11:00:00.000Z"
"2025/r7_11w0.json","2025-11-11T11:00:00.000Z"
"2025/r7_12w0.json","2025-11-11T11:00:00.000Z"
"2024/r6_1_9w0.json","2024-11-11T11:00:00.000Z"
"2024/r6_1_8w0.json","2024-11-11T11:00:00.000Z"
"2024/r6_1_7w0.json","2024-11-11T11:00:00.000Z"
"2024/r6_1_6w0.json","2024-11-11T11:00:00.000Z"
"2024/r6_1_5w0.json","2024-11-11T11:00:00.000Z"
"2024/r6_1_4w0.json","2024-11-11T11:00:00.000Z"
"2024/r6_1_3w0.json","2024-11-11T11:00:00.000Z"
"2024/r6_1_33w0.json","2024-11-11T11:00:00.000Z"
"2024/r6_1_32w0.json","2024-11-11T11:00:00.000Z"
"2024/r6_1_31w0.json","2024-11-11T11:00:00.000Z"
"2024/r6_1_30w0.json","2024-11-11T11:00:00.000Z"
"2024/r6_1_2w0.json","2024-11-11T11:00:00.000Z"
"2024/r6_1_29w0.json","2024-11-11T11:00:00.000Z"
"2024/r6_1_28w0.json","2024-11-11T11:00:00.000Z"
"2024/r6_1_27_9w0.json","2024-11-11T11:00:00.000Z"
"2024/r6_1_27_8w0.json","2024-11-11T11:00:00.000Z"
"2024/r6_1_27_7w0.json","2024-11-11T11:00:00.000Z"
"2024/r6_1_27_6w0.json","2024-11-11T11:00:00.000Z"
"2024/r6_1_27_5w0.json","2024-11-11T11:00:00.000Z"
"2024/r6_1_27_4w0.json","2024-11-11T11:00:00.000Z"
"2024/r6_1_27_3w0.json","2024-11-11T11:00:00.000Z"
"2024/r6_1_27_2w0.json","2024-11-11T11:00:00.000Z"
"2024/r6_1_27_1w0.json","2024-11-11T11:00:00.000Z"
"2024/r6_1_27_11w0.json","2024-11-11T11:00:00.000Z"
"2024/r6_1_27_10w0.json","2024-11-11T11:00:00.000Z"
"2024/r6_1_26w0.json","2024-11-11T11:00:00.000Z"
"2024/r6_1_25w0.json","2024-11-11T11:00:00.000Z"
"2024/r6_1_24w0.json","2024-11-11T11:00:00.000Z"
"2024/r6_1_23w0.json","2024-11-11T11:00:00.000Z"
"2024/r6_1_22w0.json","2024-11-11T11:00:00.000Z"
"2024/r6_1_21w0.json","2024-11-11T11:00:00.000Z"
"2024/r6_1_20w0.json","2024-11-11T11:00:00.000Z"
"2024/r6_1_1w0.json","2024-11-11T11:00:00.000Z"
"2024/r6_1_19w0.json","2024-11-11T11:00:00.000Z"
"2024/r6_1_18w0.json","2024-11-11T11:00:00.000Z"
"2024/r6_1_15w0.json","2024-11-11T11:00:00.000Z"
"2024/r6_1_14w0.json","2024-11-11T11:00:00.000Z"
"2024/r6_1_13w0.json","2024-11-11T11:00:00.000Z"
"2024/r6_1_12w0.json","2024-11-11T11:00:00.000Z"
"2024/r6_1_11w0.json","2024-11-11T11:00:00.000Z"
"2024/r6_1_10w0.json","2024-11-11T11:00:00.000Z"
"2023/r6_2_9w0.json","2023-11-11T11:00:00.000Z"
"2023/r6_2_8w0.json","2023-11-11T11:00:00.000Z"
"2023/r6_2_7w0.json","2023-11-11T11:00:00.000Z"
"2023/r6_2_6w0.json","2023-11-11T11:00:00.000Z"
"2023/r6_2_5w0.json","2023-11-11T11:00:00.000Z"
"2023/r6_2_4w0.json","2023-11-11T11:00:00.000Z"
"2023/r6_2_3w0.json","2023-11-11T11:00:00.000Z"
"2023/r6_2_2w0.json","2023-11-11T11:00:00.000Z"
"2023/r6_2_20w0.json","2023-11-11T11:00:00.000Z"
"2023/r6_2_1w0.json","2023-11-11T11:00:00.000Z"
"2023/r6_2_19w0.json","2023-11-11T11:00:00.000Z"
"2023/r6_2_18w0.json","2023-11-11T11:00:00.000Z"
"2023/r6_2_17w0.json","2023-11-11T11:00:00.000Z"
"2023/r6_2_16w0.json","2023-11-11T11:00:00.000Z"
"2023/r6_2_15w0.json","2023-11-11T11:00:00.000Z"
"2023/r6_2_14w0.json","2023-11-11T11:00:00.000Z"
"2023/r6_2_13w0.json","2023-11-11T11:00:00.000Z"
"2023/r6_2_12w0.json","2023-11-11T11:00:00.000Z"
"2023/r6_2_11w0.json","2023-11-11T11:00:00.000Z"
"2023/r6_2_10w0.json","2023-11-11T11:00:00.000Z"
"2022/r6_3_9w0.json","2022-11-11T11:00:00.000Z"
"2022/r6_3_8w0.json","2022-11-11T11:00:00.000Z"
"2022/r6_3_7w0.json","2022-11-11T11:00:00.000Z"
"2022/r6_3_6w0.json","2022-11-11T11:00:00.000Z"
"2022/r6_3_5w0.json","2022-11-11T11:00:00.000Z"
"2022/r6_3_4w0.json","2022-11-11T11:00:00.000Z"
"2022/r6_3_3w0.json","2022-11-11T11:00:00.000Z"
"2022/r6_3_2w0.json","2022-11-11T11:00:00.000Z"
"2022/r6_3_1w0.json","2022-11-11T11:00:00.000Z"
"2022/r6_3_11w0.json","2022-11-11T11:00:00.000Z"
"2022/r6_3_10w0.json","2022-11-11T11:00:00.000Z"
